modelo,variable,value
KNN,RMSE,3.27989512649567e-05
Prophet,RMSE,3.9838160934634e-05
Ridge,RMSE,3.95414055133099e-05
SVM,RMSE,3.94762201942429e-05
XGB,RMSE,4.24807195692799e-05
KNN,MAPE,0.255528784124501
Prophet,MAPE,0.348785772684356
Ridge,MAPE,0.327427024235147
SVM,MAPE,0.32946688824132
XGB,MAPE,0.355925680710291
KNN,R2,0.230474237989469
Prophet,R2,0.131439080978437
Ridge,R2,0.149796635418083
SVM,R2,0.144745394880192
XGB,R2,0.09271786398604
