modelo,variable,value
KNN,RMSE,1.9550140539137e-05
Prophet,RMSE,3.77779278980912e-05
Ridge,RMSE,2.10776364318819e-05
SVM,RMSE,2.20097455579548e-05
XGB,RMSE,2.17036818515906e-05
KNN,MAPE,0.314032578529554
Prophet,MAPE,0.326136487034981
Ridge,MAPE,0.324813870438949
SVM,MAPE,0.346794776736299
XGB,MAPE,0.301562521917536
KNN,R2,0.12500986809108
Prophet,R2,0.17138058286825
Ridge,R2,0.071662195175904
SVM,R2,0.0638448407378423
XGB,R2,0.0505589964281395
