modelo,variable,value
KNN,RMSE,2.84249412780437e-05
Prophet,RMSE,3.77779278980912e-05
Ridge,RMSE,3.41448511996275e-05
SVM,RMSE,3.58446282191735e-05
XGB,RMSE,4.09373698646658e-05
KNN,MAPE,0.214065936653852
Prophet,MAPE,0.326136487034981
Ridge,MAPE,0.276104472314972
SVM,MAPE,0.295492070851484
XGB,MAPE,0.340145241519023
KNN,R2,0.407948986465733
Prophet,R2,0.17138058286825
Ridge,R2,0.223985422099757
SVM,R2,0.21250102233586
XGB,R2,0.209798794174054
