periodo,prop,comparacion
mar. 2020,0.869209681429114,Mensual
abr. 2020,0.8138796444195,Mensual
may. 2020,0.876995573199625,Mensual
jun. 2020,0.866219997991629,Mensual
jul. 2020,0.870658887804044,Mensual
ago. 2020,0.925256656727624,Mensual
sep. 2020,0.957556759408591,Mensual
oct. 2020,0.970166336522916,Mensual
nov. 2020,0.979100379210868,Mensual
Q promedio durante las restricciones,0.89625935642877,Según restricciones
