periodo,prop,comparacion
mar. 2020,0.929552411981259,Mensual
abr. 2020,0.877830009374383,Mensual
may. 2020,0.907908341188184,Mensual
jun. 2020,0.929220895791882,Mensual
jul. 2020,0.915118479731507,Mensual
ago. 2020,0.935736313634117,Mensual
sep. 2020,0.985083972213441,Mensual
oct. 2020,0.98006213261667,Mensual
nov. 2020,0.97299140627858,Mensual
Q promedio durante las restricciones,0.936407544513339,Según restricciones
