periodo,prop,comparacion
mar. 2020,0.808581994971626,Mensual
abr. 2020,0.757948190453848,Mensual
may. 2020,0.817776897713179,Mensual
jun. 2020,0.832414068454501,Mensual
jul. 2020,0.815535367209267,Mensual
ago. 2020,0.85316448449519,Mensual
sep. 2020,0.886256531610306,Mensual
oct. 2020,0.920929869927559,Mensual
nov. 2020,0.934466488659024,Mensual
Q promedio durante las restricciones,0.83508896296357,Según restricciones
