{"changepoint_prior_scale": 0.06383738002450577, "seasonality_prior_scale": 7.828069485881414, "holidays_prior_scale": 3.4591733215488354}