{"changepoint_prior_scale": 0.02537675095023492, "seasonality_prior_scale": 0.2816489424300489, "holidays_prior_scale": 0.011567011719572822}