{"changepoint_prior_scale": 0.05468898304554206, "seasonality_prior_scale": 0.010016039527832614, "holidays_prior_scale": 0.1688414745356416}