{"subsample": 0.570617354700237, "colsample_bytree": 0.9411246428717701, "max_depth": 3, "min_child_weight": 2, "eta": 0.1715840149471575, "early_stopping_rounds": 79, "n_estimators": 10000}