{"changepoint_prior_scale": 0.0022262398075527925, "seasonality_prior_scale": 0.01035292110858061, "holidays_prior_scale": 1.9262125380157162}