{"changepoint_prior_scale": 0.01340636962263798, "seasonality_prior_scale": 0.011564539344856385, "holidays_prior_scale": 1.9773626179722967}