{"changepoint_prior_scale": 0.1455378075765787, "seasonality_prior_scale": 8.407430051046843, "holidays_prior_scale": 0.8633030364635861}