regressor,regressor_mode,center,coef_lower,coef,coef_upper
pp,additive,0.0,-0.08652588419881573,-0.058251383195894256,-0.029245032015187574
cantidad_pasos,additive,5.418119656281022,0.2226491883086112,0.28225398301619875,0.3431591100052902
log_temperatura,additive,1.238957807469692,-0.5717234753084866,-0.42470473683219695,-0.2783145228942143
log_intensidad_viento_km_h,additive,0.7633650724561731,-0.6490081712645623,-0.5993482562581571,-0.5505133549048308
