regressor,regressor_mode,center,coef_lower,coef,coef_upper
cantidad_pasos,additive,5.418119656281022,0.21583872941808932,0.27693869947695476,0.33678403640622234
log_temperatura,additive,1.238957807469692,-0.615097952600961,-0.46394745621398376,-0.3144654134429482
log_intensidad_viento_km_h,additive,0.7633650724561731,-0.6510593391028476,-0.6007875966836366,-0.5519508208106142
