regressor,regressor_mode,center,coef_lower,coef,coef_upper
cantidad_pasos,additive,5.418119656281022,0.21737188964672377,0.27749191333384327,0.33943333237925166
log_temperatura,additive,1.238957807469692,-0.6119331572119742,-0.46628261727221093,-0.3218918088668121
log_intensidad_viento_km_h,additive,0.7633650724561731,-0.6493512206206615,-0.6025197932209528,-0.5555619721818608
