regressor,regressor_mode,center,coef_lower,coef,coef_upper
cantidad_pasos,additive,5.418119656281022,0.2164509168090485,0.27671615949058653,0.33738125503420824
log_temperatura,additive,1.238957807469692,-0.6113938331197046,-0.46356752202412194,-0.3169969477057971
log_intensidad_viento_km_h,additive,0.7633650724561731,-0.6530822165072204,-0.6024246426902964,-0.5519365642139971
